Iteration,mu_diff,G_diff,Gimp_diff,density_matrix_diff,orbital_resolved_dm_diff
1,0.024967913993387762,0.015993328201170692,0.045520789405450304,0.0005302479950461958,"[array([ 0.00048152,  0.00495842, -0.01212823]), array([-0.00635265,  0.00687022,  0.00824558])]"
2,0.013554154726866656,0.013500484424245465,0.029733537083928098,0.001544688729880228,"[array([0.00263853, 0.00450635, 0.00162941]), array([ 0.00326158, -0.00168148, -0.00300268])]"
3,-0.044821139650586865,0.007915063202115501,0.027391547806528242,0.0036494355963210268,"[array([-0.00219585,  0.00394851,  0.00914683]), array([0.00515761, 0.00311135, 0.00700685])]"
4,0.04323248378314757,0.00966592155076532,0.025077075448100696,-0.004281788363392991,"[array([ 0.00764477, -0.0046603 , -0.00015555]), array([-0.00500706, -0.00020396, -0.0055923 ])]"
5,-0.09866568394593853,0.0020597976076325323,0.024230962504945622,0.018588407931919182,"[array([0.00577715, 0.00330569, 0.01026646]), array([0.01203656, 0.00050284, 0.00939757])]"
6,0.05721670504915414,0.005416099217487461,0.02375488487855984,-0.014678922941405492,"[array([ 0.00233908,  0.00170544, -0.00587059]), array([-0.01151866,  0.00390676, -0.00856431])]"
7,-0.037754514355444226,0.0015515824601874456,0.08421879084779617,0.011258175185353991,"[array([-0.00212244,  0.0024221 ,  0.00209171]), array([0.00389459, 0.00329032, 0.00728617])]"
8,0.02613514111281688,0.003162576574471535,0.0842722309144866,-0.0029167274816179756,"[array([ 0.00351534, -0.00832991, -0.0035286 ]), array([ 0.00214149,  0.00442337, -0.00570315])]"
9,-0.03349828091210692,0.0006071946702829319,0.02445909740846139,0.0038113172482745483,"[array([-0.00500243, -0.00191824,  0.00551642]), array([ 0.00945403, -0.00319401,  0.0089752 ])]"
