{
    "n_up": 8.18160006373166,
    "n_down": 7.821320488640991
}