Iteration,mu_diff,G_diff,Gimp_diff,density_matrix_diff,orbital_resolved_dm_diff
1,0.007722403431618997,0.017445953051796477,0.03758281761159561,0.003125907885024315,"[array([-0.01140299, -0.00857888,  0.00328931]), array([0.00315629, 0.00908183, 0.01076551])]"
2,0.01074593840319126,0.013661794558695274,0.027058566387034518,0.008133278864403515,"[array([ 0.00263049,  0.00267014, -0.00514196]), array([ 0.00626983, -0.00442871,  0.00531829])]"
3,-0.012962741153226412,0.010356647130607407,0.023865040562710018,-0.0036665291145068224,"[array([-0.00096643,  0.00411396,  0.00420275]), array([ 0.00361226,  0.01671704, -0.01253431])]"
4,-0.014280198157117618,0.00782207296711524,0.022624184986741597,0.007297194733263179,"[array([0.00461332, 0.00034807, 0.00916435]), array([-0.00724215, -0.00757154,  0.01427649])]"
5,0.005017723521227958,0.006970900477676549,0.022282529184197562,-0.012358060092561463,"[array([ 0.00049132,  0.00520099, -0.0075505 ]), array([ 0.00393957,  0.00378283, -0.00104418])]"
6,-0.005427925464120777,0.005432001760023555,0.021573881097131292,0.011689732772276251,"[array([-0.00171178, -0.00775975,  0.00981866]), array([ 0.00522969, -0.00212599,  0.0042299 ])]"
7,0.01428861479142183,0.005470992869428036,0.022042574193929684,-0.003919868645518854,"[array([ 0.0042893 ,  0.00701166, -0.00542029]), array([-0.01256188,  0.01081338, -0.00461013])]"
8,0.023119149287057956,0.005862443122780323,0.022120798253413922,-0.021078516330240937,"[array([-0.00376394, -0.00152781,  0.00246405]), array([ 0.00545756, -0.00488173, -0.00141939])]"
9,-0.06298320952926567,0.0013806475524047075,0.021963509735716827,0.03669127036928277,"[array([0.00180575, 0.00704309, 0.00626074]), array([-0.00119208,  0.00195494,  0.01094065])]"
