Iteration,mu_diff,G_diff,Gimp_diff,density_matrix_diff,orbital_resolved_dm_diff
1,-0.09231209679479713,0.029729204742544323,0.09263357334154901,0.00819368083687344,"[array([-0.02287886,  0.01642045,  0.03110046]), array([-0.01099879,  0.03553356,  0.04299392])]"
2,-0.06734726181643286,0.021121684895467438,0.028940996095341676,0.02301913831434943,"[array([0.01308975, 0.0216913 , 0.01324931]), array([ 0.01105205, -0.00025632,  0.00642406])]"
3,-0.007992316494847718,0.01723182870850689,0.02479948710999353,-0.003977617857967797,"[array([0.00496281, 0.00239963, 0.00942656]), array([ 0.00280944,  0.00959784, -0.00155269])]"
4,-0.07941365772432912,0.00907539740063416,0.02523522749064553,0.030022254233213808,"[array([0.00391227, 0.0109278 , 0.00793489]), array([0.00153128, 0.0115919 , 0.01791764])]"
