{
    "n_up": 8.258821358013314,
    "n_down": 7.743230714076719
}