{
    "n_up": 8.290171605629569,
    "n_down": 7.716102033735685
}