Iteration,mu_diff,G_diff,Gimp_diff,density_matrix_diff,orbital_resolved_dm_diff
1,-0.019440679873769184,0.034012741190692336,0.0566341978044881,-0.025372142809048537,"[array([-0.00053351,  0.01595108,  0.02024419]), array([-0.00165837,  0.00494236,  0.01672483])]"
2,-0.1479863669269323,0.017691146082581516,0.03405372350010703,0.04573040289539421,"[array([0.01108916, 0.01263699, 0.01196529]), array([0.01324542, 0.02725126, 0.02270621])]"
3,0.03836916341870733,0.01705084254061274,0.030261964647708077,-0.023315474889967547,"[array([ 0.0013287 , -0.00270596,  0.00643883]), array([ 0.00469934, -0.00068961, -0.00636746])]"
4,-0.015879054254723024,0.01162167097293186,0.03409022313584106,0.010496837467067532,"[array([ 0.00669485,  0.00793785, -0.00444778]), array([0.00245565, 0.00360541, 0.00721333])]"
5,-0.028442802596424177,0.007263907744191045,0.034395778652332266,-0.008665634041926662,"[array([-0.00066341, -0.00417973,  0.01554979]), array([-0.00347595,  0.00834565,  0.00843922])]"
6,0.03863234127549975,0.008402179217142152,0.029804802246430367,0.014689185408422123,"[array([ 0.00735075,  0.00105556, -0.00377645]), array([ 0.00053105, -0.00777722, -0.00642391])]"
7,-0.0047863237082304,0.0056152244502093995,0.030140460189489446,0.0009899667403794332,"[array([-0.00078562,  0.01202469, -0.00135912]), array([-0.00403491,  0.00667806, -0.00267525])]"
8,-0.033944796754789675,0.002329040617268698,0.02804710456579493,-0.013505781173788645,"[array([ 0.00274891, -0.00242314,  0.0028991 ]), array([ 1.34822822e-02, -8.03933673e-05,  3.55758642e-03])]"
9,-0.05084304399530848,0.0020350708631255137,0.026293157862342192,0.024486780935486063,"[array([ 0.0100844 ,  0.00523456, -0.00047136]), array([-0.00459507,  0.00502218,  0.00897256])]"
