Iteration,mu_diff,G_diff,Gimp_diff,density_matrix_diff,orbital_resolved_dm_diff
1,-0.0050921524897514225,0.01485436474509756,0.04605521340595535,-0.00481225940394836,"[array([-0.00122058,  0.00164526, -0.00224154]), array([0.00491313, 0.00495914, 0.00517592])]"
2,0.07408151425971445,0.016739375126019744,0.029490262708165228,-0.002737227693021982,"[array([ 0.0004986 , -0.0023257 , -0.00084809]), array([-0.00037554, -0.01055101, -0.00061637])]"
3,-0.06853478503666806,0.008548161807768812,0.026893042622396814,0.022155593900210047,"[array([0.01162555, 0.00794159, 0.00569376]), array([-0.00486471,  0.00660855,  0.00943735])]"
4,0.028836002116365902,0.009323136532760581,0.025106167708366437,-0.0033216022613995477,"[array([-0.00362815,  0.00235837,  0.00030042]), array([ 0.00111989,  0.00823487, -0.01076648])]"
5,-0.07428572963066256,0.002779622025335113,0.02443492677730104,0.0009953704551795006,"[array([ 0.00449328, -0.00380671,  0.01043532]), array([0.01227259, 0.00175746, 0.00771014])]"
6,0.00346278721868834,0.0027808521663482367,0.02430881033558608,-0.00043534323279859066,"[array([ 0.00272512,  0.00620812, -0.00292245]), array([-0.00014301, -0.0047024 ,  0.00024504])]"
7,-0.030544238085123937,0.000627895996493946,0.024799173768100362,-0.007785153254429744,"[array([ 0.00761441, -0.00079913,  0.00282855]), array([-0.00115972,  0.00701788, -0.00277696])]"
8,0.03997539055415516,0.0031704938031292887,0.024657939494470094,0.001617915246577617,"[array([-0.00700115, -0.0018436 , -0.00156368]), array([-0.01055394, -0.00022061,  0.00798593])]"
9,-0.06557845129559714,0.00246410921714856,0.024461300856461247,0.010455018201122712,"[array([0.00091741, 0.00354911, 0.00399923]), array([ 0.01621161,  0.00409194, -0.0041623 ])]"
