Iteration,mu_diff,G_diff,Gimp_diff,density_matrix_diff,orbital_resolved_dm_diff
1,0.121370696704721,0.048906118009740096,0.05653021810707116,0.03721768005422543,"[array([-0.01438197,  0.00571016,  0.03012135]), array([-0.02355464, -0.02267762, -0.01593482])]"
2,-0.08916762266700046,0.10081050850370957,0.0628383970332741,0.12645875570839937,"[array([0.03107266, 0.02355025, 0.04184816]), array([-0.01188628, -0.0007962 ,  0.01528748])]"
3,-0.11249150304418493,0.051516565295279246,0.06540013584751792,-0.06359087617789916,"[array([-0.01219517, -0.03391724, -0.01226724]), array([0.03843895, 0.04860252, 0.04443659])]"
4,0.12930355845389765,0.050089516883883974,0.06173894593931531,-0.10612150851277002,"[array([ 0.00779489,  0.0360141 , -0.01325794]), array([-0.03941763, -0.01040409, -0.03313875])]"
