Iteration,mu_diff,G_diff,Gimp_diff,density_matrix_diff,orbital_resolved_dm_diff
1,0.121370696704721,0.048906118009740096,0.05653021810707116,0.03721768005422543,"[array([-0.01438197,  0.00571016,  0.03012135]), array([-0.02355464, -0.02267762, -0.01593482])]"
2,-0.08916762266700046,0.10081050850370957,0.0628383970332741,0.12645875570839937,"[array([0.03107266, 0.02355025, 0.04184816]), array([-0.01188628, -0.0007962 ,  0.01528748])]"
3,-0.11249150304418493,0.051516565295279246,0.06540013584751792,-0.06359087617789916,"[array([-0.01219517, -0.03391724, -0.01226724]), array([0.03843895, 0.04860252, 0.04443659])]"
4,0.12930355845389765,0.050089516883883974,0.06173894593931531,-0.10612150851277002,"[array([ 0.00779489,  0.0360141 , -0.01325794]), array([-0.03941763, -0.01040409, -0.03313875])]"
1,-0.09717113267082356,0.024931159800383608,0.09152757545367055,0.010823288708534662,"[array([-0.03530533, -0.00688686,  0.02192857]), array([0.01975199, 0.03769106, 0.05546962])]"
2,-0.01100843225937198,0.02035825413124172,0.03077404662332865,0.0003271300378231423,"[array([-0.00625174,  0.00170652,  0.00049513]), array([0.01161051, 0.01938811, 0.01199589])]"
3,-0.03212066769094557,0.015103568388151276,0.02563029053283633,0.011872316761176283,"[array([0.01874062, 0.01168627, 0.00974288]), array([ 0.00337634, -0.00488946,  0.00182616])]"
4,-0.01253646911239742,0.012054081628315562,0.01983491025967475,0.009454475654528949,"[array([-3.72221741e-05,  7.92987585e-03,  7.34624877e-03]), array([-0.00057382,  0.00648176,  0.00339229])]"
5,-0.035441202830093055,0.007851332696931062,0.019610587593289902,-0.009719321992660568,"[array([0.00748079, 0.0069381 , 0.00512614]), array([0.00265989, 0.00334036, 0.00503891])]"
