{
    "x = 5": {
        "slope": 11.739435010162602,
        "intercept": -0.014281835318479173
    },
    "x = 7": {
        "slope": 15.111281819693932,
        "intercept": 0.009508345449067842
    },
    "x = 10": {
        "slope": 25.538730127370748,
        "intercept": -0.00038664358004877994
    },
    "x = 20": {
        "slope": 54.466482354632326,
        "intercept": 0.08223401091166747
    }
}