{
    "x = 7": {
        "slope": 45.37845271054433,
        "intercept": -0.0196872756980193
    },
    "x = 10": {
        "slope": 62.452157516573486,
        "intercept": 0.009907843481409117
    },
    "x = 20": {
        "slope": 103.36396313242496,
        "intercept": -0.057017437130206544
    }
}