Iteration,mu_diff,G_diff,Gimp_diff,density_matrix_diff,orbital_resolved_dm_diff
1,-0.14359398668549533,0.02991695943774167,0.07976464008371065,0.024849407075457908,"[array([-0.00560799,  0.01609978,  0.03729235]), array([0.00432907, 0.02493398, 0.0385344 ])]"
2,-0.028877638114209125,0.023111240769317434,0.02920724663227018,0.0053653474103452226,"[array([0.01117212, 0.01297752, 0.01105328]), array([-0.00593167,  0.01468824,  0.00239124])]"
