{
    "n_up": 8.167601729983922,
    "n_down": 7.833834698342968
}