Iteration,mu_diff,G_diff,Gimp_diff,density_matrix_diff,orbital_resolved_dm_diff
1,0.009388676048101167,0.019696576021178212,0.028439584960311445,-0.004249590402134906,"[array([-0.00949851, -0.01824157, -0.00355335]), array([0.02210276, 0.00584815, 0.00896741])]"
2,0.0036734453106658377,0.014458555035972692,0.02295706310276418,0.011460894746565753,"[array([-0.01144122,  0.00343326,  0.001924  ]), array([-0.00216315,  0.01416824,  0.0047745 ])]"
3,-0.06606219485965975,0.008107456364663358,0.02166441757241337,0.022006462356097156,"[array([ 9.02850549e-03,  3.75975304e-03, -8.81088047e-05]), array([0.00838151, 0.00809321, 0.00620702])]"
4,0.08924494210646117,0.013424582005419707,0.02251901046270134,-0.021323188838352714,"[array([ 0.00230331, -0.00226407, -0.00382143]), array([-0.01080589, -0.00760305, -0.00287364])]"
5,-0.007907121630766345,0.009264842979813155,0.02391968890404726,-0.012609293251141018,"[array([-0.00505832,  0.00946549,  0.00762242]), array([ 0.00712918, -0.0070753 ,  0.00027292])]"
6,-0.03824013341460958,0.005857286567289429,0.02268457567239779,0.03850031293736622,"[array([ 0.00997682, -0.00156937,  0.00215483]), array([ 0.00177408,  0.01023913, -0.00078484])]"
7,0.021049672977696957,0.006839918761926191,0.021792314453404592,-0.005000059017491232,"[array([0.0046093 , 0.0045345 , 0.00315071]), array([-8.59295640e-03, -6.09642597e-03,  4.66646526e-05])]"
8,-0.04136496178115452,0.0029664940874633196,0.022151471656722425,-0.01095600094010285,"[array([-0.00917002,  0.0031243 , -0.0012465 ]), array([0.00519164, 0.00945638, 0.01287481])]"
9,0.008694303862415056,0.0037648247659807167,0.02213350503209393,-4.8271104279073995e-05,"[array([ 0.01047883, -0.00110263,  0.00313242]), array([ 0.002433  , -0.00058008, -0.01445999])]"
