{
    "n_up": 9.01767638302617,
    "n_down": 7.0039613658497455
}