Iteration,mu_diff,G_diff,Gimp_diff,density_matrix_diff,orbital_resolved_dm_diff
1,0.05121651015668922,0.020160979117838748,0.044822211614401156,-0.00991644836208927,"[array([-0.0163703 , -0.00223756, -0.00020554]), array([ 0.00066933,  0.00947014, -0.00022568])]"
2,-0.052947832078326866,0.011852658479848961,0.02811014267891008,0.008420227824039284,"[array([0.00338055, 0.00455023, 0.00338905]), array([ 0.01349185, -0.00371639,  0.01094983])]"
3,-0.014912919583239481,0.009424432147917904,0.024340287824352356,0.007438771288822199,"[array([0.00811205, 0.00574949, 0.01029404]), array([-0.01474034,  0.0096715 , -0.00399382])]"
4,0.02986692463082445,0.009897304839267061,0.024039596990029242,-0.017800429425886666,"[array([-0.00379623,  0.0049786 , -0.0037997 ]), array([ 0.00660939, -0.00538401, -0.00134205])]"
5,-0.0027140737341005833,0.007687821887044583,0.022757501892874003,0.027501063685306804,"[array([ 0.00079199, -0.00965447,  0.00030227]), array([0.00379488, 0.00287955, 0.01071264])]"
6,-0.040574982784296776,0.003964578964406881,0.022293692889572392,-0.019891440307348685,"[array([-0.00300268,  0.00829162,  0.01138955]), array([ 9.43791570e-04,  3.22822714e-03, -5.76137131e-05])]"
7,0.0017148735817777115,0.003831141650214776,0.02233403332826478,0.01395259572929941,"[array([ 0.01130782,  0.00749267, -0.00637751]), array([-0.00032641, -0.00606924, -0.00288251])]"
8,0.0391981710629786,0.005660378819896451,0.02175787406200475,-0.00506564187409797,"[array([-0.00255423, -0.00344024, -0.00801142]), array([0.00041632, 0.00061336, 0.00232946])]"
9,-0.011794851433481853,0.003484552188718633,0.021674117927738504,-0.005413042152065728,"[array([ 0.00298238, -0.00487583,  0.01047171]), array([-0.00023813, -0.00066672,  0.00083739])]"
