Iteration,mu_diff,G_diff,Gimp_diff,density_matrix_diff,orbital_resolved_dm_diff
1,-0.09113423269118526,0.03017469273447045,0.10098666665685588,0.02194514059033681,"[array([-0.09744551, -0.06054028, -0.02068561]), array([0.08532093, 0.0873588 , 0.09607102])]"
1,-0.09113423269118526,0.03017469273447045,0.10098666665685588,0.02194514059033681,"[array([-0.09744551, -0.06054028, -0.02068561]), array([0.08532093, 0.0873588 , 0.09607102])]"
2,-0.030026598579534325,0.025817459923835676,0.031650230184495316,0.00636585114258148,"[array([ 0.0110598 ,  0.00312186, -0.01419436]), array([0.02159384, 0.01530917, 0.0153606 ])]"
3,-0.009355388628805417,0.020624602916649908,0.024214929510907986,0.003499571837996651,"[array([0.01778801, 0.0157533 , 0.0182778 ]), array([-0.01463806, -0.00113844, -0.00243655])]"
4,-0.051903689955652754,0.013317669474505849,0.024449050427590706,0.011692893276444405,"[array([0.0065218 , 0.01838192, 0.01814238]), array([ 0.00795942, -0.00058135, -0.004627  ])]"
