{
    "n_up": 10.373604715817576,
    "n_down": 5.703652668482408
}