Iteration,mu_diff,G_diff,Gimp_diff,density_matrix_diff,orbital_resolved_dm_diff
1,0.04191009621507715,0.017680851045161615,0.04882222355515631,-0.01404767890961267,"[array([ 0.00439462, -0.00944012,  0.00786037]), array([-0.01037541, -0.00053457,  0.00272393])]"
2,-0.025470894959234956,0.011859769891432309,0.03471670286976294,0.007585890229179881,"[array([-0.00760094,  0.0055635 ,  0.00080147]), array([0.00486852, 0.00917969, 0.00837198])]"
3,0.025639226231160404,0.011663950287903577,0.028536617387960622,0.006079457504196917,"[array([ 5.59332385e-03,  8.58409449e-03, -9.59105588e-05]), array([-0.00496901, -0.00732669, -0.00097356])]"
4,-0.06716637101610798,0.005115512312046052,0.027767816436274337,-0.0014805551653562787,"[array([0.00098931, 0.00099417, 0.00618452]), array([0.01027295, 0.01197669, 0.00228443])]"
5,0.033653476825938035,0.006953502971327205,0.023299257586802853,0.017042057950028777,"[array([-0.00263977, -0.00761973, -0.0118726 ]), array([0.00716676, 0.00393408, 0.00416831])]"
6,-0.01390660123032509,0.004491395440436576,0.024145695742386068,-0.01905066317903259,"[array([0.00263236, 0.00970282, 0.00965392]), array([ 0.00379331, -0.00993612, -0.00552717])]"
7,-0.03087706010999075,0.001894890571934337,0.024825088909928874,0.010725802622683744,"[array([0.00120831, 0.00529673, 0.00013724]), array([-0.00127556,  0.00599773,  0.003215  ])]"
8,0.054722722093729775,0.005362681700723166,0.02357628341768183,0.0020525296867131004,"[array([-0.00197655, -0.00879804,  0.00207951]), array([-0.00663097, -0.00689605,  0.00512933])]"
9,-0.012605567787828759,0.0030585298145601935,0.02239430205739073,-0.010801506391505011,"[array([0.00475701, 0.00554905, 0.00333298]), array([-0.0054595 ,  0.00784483, -0.00771132])]"
