{
    "n_up": 8.29248166522863,
    "n_down": 7.710838712655751
}