Iteration,mu_diff,G_diff,Gimp_diff,density_matrix_diff,orbital_resolved_dm_diff
1,0.0752276455690509,0.02126158510369596,0.02617779077438643,-0.001347006065857581,"[array([-0.01193942, -0.01177081, -0.00620925]), array([ 0.00432245,  0.00687485, -0.00146123])]"
2,-0.06562185720979871,0.01159722786599891,0.02351910405822983,0.01341634604792663,"[array([0.0074174 , 0.01255283, 0.02343499]), array([-0.00424636, -0.00476654,  0.00277805])]"
3,0.006946923970737762,0.010757136069950275,0.022090640882782453,-0.006636431445061319,"[array([-0.01024317,  0.00162507, -0.01344919]), array([0.00839486, 0.01532662, 0.00539199])]"
4,0.0011746656193240643,0.009146084942517174,0.02147934434065,0.03094401360466348,"[array([0.0139599 , 0.00032798, 0.00598362]), array([-0.00138339, -0.01175565,  0.00119679])]"
5,0.003315869711747948,0.008021199837972719,0.02084165263483315,0.00046674057095774657,"[array([-0.00287792,  0.00176038,  0.00160464]), array([ 0.00653104,  0.00522535, -0.00587874])]"
6,-0.024853461370195166,0.0053021184925407215,0.021560330602600406,-0.005656848641268919,"[array([ 0.00043193,  0.00297855, -0.00242951]), array([0.00362108, 0.00665372, 0.00433774])]"
7,0.007496067211195791,0.005466331666029301,0.021878420032531883,-0.014616830463439534,"[array([0.00180975, 0.00713433, 0.00980154]), array([-0.01381989, -0.00567835,  0.00285669])]"
8,-0.0004630691746624468,0.004271720149735164,0.021307945357607903,0.0035051529113632185,"[array([-0.00462292, -0.00466702, -0.00643496]), array([0.01012796, 0.00651549, 0.00361243])]"
9,0.0726338038065863,0.008218564214908321,0.02114865654242605,-0.00994833346550017,"[array([-0.00081616,  0.00283583, -0.0008285 ]), array([-0.01084833, -0.0068765 , -0.00638157])]"
