{
    "n_up": 8.450586336073485,
    "n_down": 7.558727524753508
}