Iteration,mu_diff,G_diff,Gimp_diff,density_matrix_diff,orbital_resolved_dm_diff
1,0.04850483739899577,0.01961521613331308,0.04470460321346519,-0.012461117247840825,"[array([-0.00496535,  0.00338973, -0.00246814]), array([-0.01148558,  0.00207622,  0.00730534])]"
2,-0.11623852421484104,0.008006928595611102,0.02894583869394151,0.019344957917395877,"[array([0.00546048, 0.0058812 , 0.02032017]), array([0.00940602, 0.01120866, 0.0021407 ])]"
3,0.0113669703080116,0.008052687748942897,0.024649689974303293,0.0061089469413082575,"[array([ 0.00596355, -0.00010892, -0.00338956]), array([-0.0002172 , -0.00104549,  0.00190342])]"
4,0.036365998629649655,0.008969797908722892,0.02297668236853543,-0.006012105687021485,"[array([-0.0048511 , -0.00316459,  0.00105649]), array([-0.00090043,  0.00642266, -0.00463076])]"
5,0.029131425361486572,0.0088853968558078,0.02349604113166511,-0.004883517676164129,"[array([-0.00261207,  0.00262224, -0.00391419]), array([ 0.00028377, -0.00659998,  0.00717983])]"
6,-0.007697638582328088,0.006461315482858339,0.023759632864781603,0.01265381777001906,"[array([ 0.0052313 , -0.00240855,  0.00636744]), array([-0.00511343,  0.00240731,  0.00330973])]"
7,-0.023747395605213828,0.003837960898761414,0.024048530393252728,-0.014216073292919074,"[array([-0.00263786,  0.00394504, -0.0004227 ]), array([ 0.01194102, -0.00153683,  0.00245533])]"
8,-0.03948344613133359,0.001101635447576702,0.023903693455223488,0.012063725336674214,"[array([ 0.00481793,  0.00140585, -0.00064391]), array([ 0.00397271,  0.00977716, -0.00220565])]"
9,0.05142935453246776,0.004457964823878055,0.022870133455272626,-0.003800186706351294,"[array([ 0.00051995, -0.00189562,  0.00211563]), array([-6.56816354e-03, -1.08535432e-02, -3.48101121e-05])]"
