Iteration,mu_diff,G_diff,Gimp_diff,density_matrix_diff,orbital_resolved_dm_diff
1,-0.05649077360202903,0.014685465656485347,0.03759374260297903,-0.012924535042839747,"[array([ 0.01060807, -0.00660596,  0.00677588]), array([-0.0043087 ,  0.00744337,  0.01598194])]"
2,0.04907238591463548,0.013941976248207293,0.026657833787204852,0.020079006365403718,"[array([-0.00320025,  0.00557182, -0.00303972]), array([ 0.00015722, -0.00066393, -0.00714048])]"
3,-0.0321212268364326,0.009017063621539685,0.023541894385637814,0.0023562535456598255,"[array([0.00365897, 0.00595132, 0.00540339]), array([ 0.00589029, -0.00177074,  0.00264991])]"
4,0.0408624443118259,0.010451636530269193,0.022852304390482595,-0.021993061682546333,"[array([-0.00389397, -0.00775164,  0.00829376]), array([ 2.93825816e-03,  9.49194431e-05, -6.46724205e-03])]"
5,-0.030702291105490838,0.00629950330066956,0.022631706493877655,0.022091424815545935,"[array([-0.0004536 ,  0.01095182, -0.00394873]), array([-0.01018187,  0.00975283,  0.01291949])]"
6,0.028981883566243965,0.0074327936406494086,0.02190811700033639,-0.02652624275070492,"[array([ 0.00044342, -0.00756287, -0.0039451 ]), array([ 0.0113805 ,  0.00099855, -0.00595846])]"
7,-0.027367366170518586,0.004132362698377898,0.02195043946697299,0.024030050997542407,"[array([0.00207473, 0.00260841, 0.01219524]), array([-0.00796291, -0.0033615 ,  0.01006102])]"
8,0.0021222304772260496,0.003818242126461681,0.02376757174279049,0.002169870315875677,"[array([ 0.00414279,  0.00328732, -0.0062641 ]), array([ 0.00013565,  0.00658699, -0.00487082])]"
9,-0.017299247688211238,0.002109397077867111,0.023408517381323955,-0.006118342989126724,"[array([-0.00898664,  0.00477249,  0.00124693]), array([ 0.01032853, -0.00096832,  0.00298324])]"
