{
    "n_up": 8.17907097459502,
    "n_down": 7.821711366147899
}