Iteration,mu_diff,G_diff,Gimp_diff,density_matrix_diff,orbital_resolved_dm_diff
1,-0.0826588766922573,0.03094741354006101,0.09186415250799533,0.014032850404606556,"[array([-0.04136051, -0.00663758,  0.02123459]), array([0.01995468, 0.0398323 , 0.0540641 ])]"
2,-0.003138144769947948,0.02573055801915886,0.028971170567231114,0.0011862104685791408,"[array([0.01688935, 0.01060567, 0.00723381]), array([-0.00236896,  0.00616571, -0.00172845])]"
3,-0.039727715422705145,0.017787621546197126,0.02644231633048944,0.010064254276934914,"[array([0.00371298, 0.01578813, 0.01159122]), array([0.00464824, 0.00442407, 0.00455844])]"
4,-0.06225164808595085,0.010848371116574322,0.02400885249279166,0.019937068312576578,"[array([0.0150009 , 0.01496837, 0.00989308]), array([ 0.00048837, -0.00127111,  0.00775488])]"
