{
    "n_up": 9.038404558945423,
    "n_down": 6.993671415221271
}