{
    "n_up": 8.093119526095702,
    "n_down": 7.907258358915055
}