Iteration,mu_diff,G_diff,Gimp_diff,density_matrix_diff,orbital_resolved_dm_diff
1,-0.044861870928647504,0.014060503135139627,0.05211107074465366,0.013664774277954983,"[array([ 0.0027353 , -0.00033325,  0.00185415]), array([0.00630415, 0.01125411, 0.00467762])]"
2,0.0005213034544884754,0.010880911104535214,0.028312323624305087,0.004719082364434524,"[array([-0.00686538,  0.00729235,  0.00844398]), array([-5.89461283e-05, -8.30898270e-04,  1.54875958e-03])]"
3,0.07522155728449133,0.013923875927939519,0.024904358183590047,-0.003778678114704892,"[array([ 0.0022424 , -0.00498991, -0.00759011]), array([-0.00632986,  0.00282776, -0.00362231])]"
4,-0.027000622721141745,0.008899127587102144,0.023751988844571078,-0.010479963384713908,"[array([-0.00010414,  0.00694994,  0.0076477 ]), array([-0.00217867,  0.00107107,  0.00667858])]"
5,-0.06084716506308685,0.0037718969194771353,0.023823978140630583,0.018188479343694386,"[array([ 0.00598386, -0.001248  ,  0.00936682]), array([ 0.01425978,  0.00146179, -0.00103564])]"
6,0.03128460487743553,0.005574402286490465,0.02383264402710847,0.0004585324558719073,"[array([ 0.00038851,  0.00697932, -0.01065255]), array([-0.00449449,  0.00431901, -0.00371799])]"
7,-0.023849964659517296,0.002827701672241365,0.023564345575860887,0.009356987786176774,"[array([ 1.56203949e-02, -1.09260015e-02,  5.85709373e-05]), array([ 0.00401553,  0.00736976, -0.00345694])]"
8,0.036299850869623895,0.00483412681643713,0.024401106817360713,-0.016056698186141194,"[array([-0.02239222,  0.00503659,  0.00862147]), array([ 0.00118281, -0.01485759,  0.0123937 ])]"
9,-0.026520050618681734,0.001975737111868458,0.023739856474104884,-0.00042652529928410843,"[array([0.00673436, 0.00152155, 0.00158313]), array([-0.00635369,  0.00652649,  0.00292305])]"
