Iteration,mu_diff,G_diff,Gimp_diff,density_matrix_diff,orbital_resolved_dm_diff
1,-0.10646681758049337,0.03020564798037491,0.058724414145004095,0.029822114682863443,"[array([0.00459768, 0.02667113, 0.02895591]), array([0.0047743 , 0.00556944, 0.02386794])]"
2,-0.028989991674957583,0.022022334811429095,0.03146678556976652,-0.005181956549401345,"[array([0.00502008, 0.00648748, 0.01305343]), array([0.01200302, 0.00722283, 0.00043502])]"
3,-0.004908751936160416,0.01674751928128637,0.031379979300440244,0.003074065326249098,"[array([ 0.01146263, -0.00240466,  0.0111415 ]), array([ 0.0014932 , -0.00075875,  0.00370077])]"
4,-0.039605458860694165,0.010359929155047982,0.09237294740360394,0.01904110414682858,"[array([0.00156973, 0.01309321, 0.00332183]), array([0.00922956, 0.00456379, 0.00202553])]"
5,0.005802790432808125,0.008658635268803342,0.09565238849064193,-0.012458224185801114,"[array([ 0.00615261, -0.00296671, -0.00471735]), array([-0.00983014,  0.00925566,  0.01035414])]"
6,0.02396303247776399,0.008145840656221918,0.033858953838772965,-0.007970038395903156,"[array([-0.00523948,  0.00328507,  0.00947032]), array([ 0.00925315, -0.00948314, -0.00905505])]"
7,-0.05766548307333391,0.0026611716475932277,0.030520655644322478,0.02217963872588058,"[array([1.05043356e-02, 3.30466068e-05, 2.34090571e-03]), array([-0.00028734,  0.00770598,  0.01210237])]"
8,0.029115670173595842,0.004256166691491451,0.028584730801312457,-0.019533989276934616,"[array([-0.00375457,  0.00233336, -0.00155376]), array([-0.00162774, -0.00052398, -0.00453084])]"
9,-0.006808862175310737,0.002418879496856384,0.02726638661076424,-0.023357738514889093,"[array([-0.006014  ,  0.00405891, -0.00081406]), array([ 0.00892537,  0.00133819, -0.00082325])]"
