{
    "n_up": 8.233976506034761,
    "n_down": 7.767267744186578
}