Iteration,mu_diff,G_diff,Gimp_diff,density_matrix_diff,orbital_resolved_dm_diff
1,-0.09717113267082356,0.024931159800383608,0.09152757545367055,0.010823288708534662,"[array([-0.03530533, -0.00688686,  0.02192857]), array([0.01975199, 0.03769106, 0.05546962])]"
2,-0.01100843225937198,0.02035825413124172,0.03077404662332865,0.0003271300378231423,"[array([-0.00625174,  0.00170652,  0.00049513]), array([0.01161051, 0.01938811, 0.01199589])]"
3,-0.03212066769094557,0.015103568388151276,0.02563029053283633,0.011872316761176283,"[array([0.01874062, 0.01168627, 0.00974288]), array([ 0.00337634, -0.00488946,  0.00182616])]"
4,-0.01253646911239742,0.012054081628315562,0.01983491025967475,0.009454475654528949,"[array([-3.72221741e-05,  7.92987585e-03,  7.34624877e-03]), array([-0.00057382,  0.00648176,  0.00339229])]"
