{
    "n_up": 8.69570887586732,
    "n_down": 7.310048354492176
}