Iteration,mu_diff,G_diff,Gimp_diff,density_matrix_diff,orbital_resolved_dm_diff
1,-0.1128407881116455,0.029740674947339327,0.07716932280517066,0.0038729972874329555,"[array([-0.00371187,  0.02005003,  0.03153764]), array([-0.00309778,  0.01958322,  0.03513655])]"
2,-0.012802709922054956,0.023523189900487053,0.03114536034191223,0.002863350964751099,"[array([0.00902255, 0.00718858, 0.00889894]), array([ 0.00811122,  0.00802662, -0.00259728])]"
3,-0.0797853369287842,0.01360041264430249,0.026161496598968013,0.0304473521955142,"[array([0.01047965, 0.00566154, 0.00880276]), array([0.00894048, 0.01164297, 0.01404446])]"
4,0.03971100690603152,0.014070361578380866,0.02416488344841399,-0.018474092718697932,"[array([-0.00858295,  0.00529648,  0.01093517]), array([-0.00382456, -0.00853155,  0.00238557])]"
5,-0.006336144907056529,0.009875170529581409,0.02614054011395768,-0.00879819377759361,"[array([ 0.01498731, -0.00763354, -0.00757594]), array([0.00058057, 0.00773131, 0.00832554])]"
6,-0.0031278696467289535,0.007574359796983003,0.02592462173015938,0.005460085679351856,"[array([-0.0055883 ,  0.0125621 ,  0.01234362]), array([ 0.00188969, -0.002059  , -0.00765159])]"
7,-0.03821226744374118,0.0036091408228188294,0.024373220414960733,0.008236732786150558,"[array([ 0.00368579, -0.00058883,  0.00096191]), array([0.01159841, 0.00206377, 0.00664872])]"
8,0.031502536340536236,0.00535348580197932,0.028285011884511446,-0.0012860929897233753,"[array([-0.00092022, -0.00027539, -0.00166181]), array([-0.00825033,  0.00217981, -0.00077174])]"
9,-0.022584557718627996,0.002237740865989165,0.028702571613645842,0.017324799044547312,"[array([ 0.0035843 ,  0.00571964, -0.00200851]), array([ 0.00748693,  0.00823653, -0.00838542])]"
