Iteration,mu_diff,G_diff,Gimp_diff,density_matrix_diff,orbital_resolved_dm_diff
1,-0.06923506562252818,0.031561162198173426,0.05873094041007042,0.005288963415996939,"[array([0.00453849, 0.01993708, 0.01539909]), array([0.00182369, 0.00914165, 0.02675735])]"
2,-0.046645695778217144,0.021815045124511753,0.034485412689131315,0.011216798431245678,"[array([0.02169236, 0.00519245, 0.00312129]), array([0.01278466, 0.00815552, 0.00213405])]"
3,-0.02097736498825864,0.015808704898681903,0.031940676180449885,0.0026377738332206135,"[array([-0.00657306,  0.00448048,  0.01787022]), array([-0.00150765,  0.00516008,  0.01223617])]"
4,-0.0908883897847404,0.006850452663390278,0.035352570498879354,0.018257723614992116,"[array([0.01492298, 0.01175689, 0.0041205 ]), array([0.00802677, 0.00756254, 0.00861366])]"
5,0.113698072028099,0.01355745715940497,0.03277822716166591,-0.02338642751706388,"[array([-0.00587822, -0.0048509 , -0.00360132]), array([-0.00323405, -0.01481761, -0.00886693])]"
6,-0.05136455180215471,0.0057582773917581615,0.028062940699430633,0.010915586775437358,"[array([-0.00216901,  0.01450854,  0.00196357]), array([-0.00441822,  0.01865177,  0.00527789])]"
7,0.01538907749415741,0.005861543111534654,0.030146215403890057,-0.008685337221054024,"[array([-0.00024326, -0.01006507,  0.00134957]), array([ 0.01213332, -0.00484767,  0.00129665])]"
8,-0.06373700621560768,0.0017912123007796758,0.029695945000507255,0.007175592257789187,"[array([ 0.01405566, -0.00034028,  0.0043449 ]), array([0.00329817, 0.00469799, 0.00680242])]"
9,0.07072820473966945,0.005743154673912973,0.026558804240695344,-0.006059958908156471,"[array([-0.00566537,  0.00300536,  0.00366313]), array([-0.01073068, -0.00941997, -0.01030538])]"
