Iteration,mu_diff,G_diff,Gimp_diff,density_matrix_diff,orbital_resolved_dm_diff
1,-0.08039837512469378,0.029309758947481154,0.0898832599709555,0.005139449351749814,"[array([-0.02598646,  0.00575117,  0.03164973]), array([0.00402084, 0.02780356, 0.04150086])]"
2,-0.0373488713444769,0.022125888712850733,0.030528620133755444,0.003877919773076055,"[array([0.00476604, 0.00306101, 0.00633012]), array([0.01784998, 0.0089484 , 0.00983817])]"
3,-0.033927787247551355,0.015937567092217882,0.06025750600824198,-0.0013850635468326544,"[array([0.01242633, 0.01956924, 0.00551138]), array([-0.00732507,  0.00666786,  0.00276488])]"
4,0.020721291981830148,0.014385864874614792,0.05786274103605216,0.006770740646145246,"[array([0.00033768, 0.00110352, 0.01456226]), array([-0.00463448, -0.00395655,  0.00076553])]"
