{
    "n_up": 8.509526269091435,
    "n_down": 7.499067561880863
}