Iteration,mu_diff,G_diff,Gimp_diff,density_matrix_diff,orbital_resolved_dm_diff
1,-0.08854147763444953,0.02666771076146695,0.09723404338092187,-0.023673702858520773,"[array([-0.07795598, -0.03637623,  0.0005841 ]), array([0.05936557, 0.05879121, 0.08415885])]"
2,-0.04346491089770638,0.020706729941938947,0.02888592559357944,0.006275462084513794,"[array([ 0.00807464,  0.00331949, -0.00344647]), array([0.01268336, 0.02086764, 0.01380946])]"
3,0.026529372647020988,0.01915824320536399,0.022717286987640042,0.002038132823357852,"[array([0.01312837, 0.01665063, 0.00695805]), array([-0.01942211,  0.00127644, -0.00463464])]"
4,-0.06613902122432824,0.011138269792629604,0.02406413044253592,0.012417491527707547,"[array([0.01971544, 0.01940434, 0.01918776]), array([ 0.00209663, -0.00653013, -0.0021094 ])]"
