{
    "n_up": 9.28900366396106,
    "n_down": 6.732500572082839
}