Iteration,mu_diff,G_diff,Gimp_diff,density_matrix_diff,orbital_resolved_dm_diff
1,-0.07629310262850003,0.03177703387039199,0.0756062193129663,0.013874442283726918,"[array([-0.01759396,  0.00964584,  0.03138245]), array([0.00674623, 0.02069368, 0.03214937])]"
2,0.004491294710636029,0.02574376091577791,0.03015552498552143,-0.017162334329642093,"[array([0.01480263, 0.00819455, 0.00405353]), array([-0.00053857, -0.00174527,  0.00767273])]"
3,-0.0917335060140888,0.014488755415267823,0.02871001933154172,0.0378976868262626,"[array([0.00851804, 0.01121283, 0.01422016]), array([0.01470357, 0.01217188, 0.00585714])]"
4,0.029911844444974856,0.014207924986019995,0.02622863037958542,-0.014748508450970643,"[array([0.00242142, 0.00680413, 0.00434343]), array([-0.01043275,  0.00142774, -0.00178964])]"
5,-0.017007344541523306,0.009421386909316952,0.025114816901937197,-0.0024413080239553686,"[array([-0.00489453,  0.00296749,  0.00185484]), array([0.01324168, 0.00520321, 0.0028004 ])]"
6,-0.01728369115819406,0.006394198871858026,0.024538009106394778,0.003868610415780349,"[array([0.00892746, 0.00450371, 0.00794159]), array([ 0.00061249, -0.00560154,  0.00092791])]"
7,-0.006706166097357524,0.004768419955376447,0.025004986284940064,-0.010292238519127306,"[array([ 0.00815245,  0.00694704, -0.00341043]), array([-0.00187366,  0.00074545, -0.00099581])]"
8,0.01358023102017808,0.0046756427574102845,0.024631971018842517,0.019231841347631562,"[array([-0.00111573, -0.00557256,  0.00884285]), array([-0.00657469,  0.00359181, -0.00026509])]"
9,-0.0275826780206877,0.0018080417179744195,0.024355261118755557,0.0024177135832066377,"[array([-0.00200458,  0.00412066,  0.00578422]), array([ 0.00453794,  0.00423395, -0.000214  ])]"
