Iteration,mu_diff,G_diff,Gimp_diff,density_matrix_diff,orbital_resolved_dm_diff
1,-0.03140068791821813,0.01675845086930685,0.025150971549324153,-0.0036194375727602868,"[array([-0.00098137,  0.00047579,  0.00295712]), array([ 0.01074092, -0.0063972 ,  0.01310455])]"
2,-0.000761572839586,0.012174263879796041,0.022794919119180287,0.014497460945461338,"[array([-0.00215013, -0.00656831, -0.00650651]), array([0.00044009, 0.01870361, 0.00623771])]"
3,0.04303068751768885,0.012515681366786786,0.021293869604179227,0.009179223181893903,"[array([-0.00273359,  0.00806186,  0.00233146]), array([-0.00476853, -0.00702275, -0.00210069])]"
4,-0.013274254928095364,0.009242340601029308,0.02150026348436923,-0.008748699972536578,"[array([-0.00116238,  0.00033065,  0.00602797]), array([ 0.00038664,  0.01175191, -0.00281815])]"
5,-0.016761801544748323,0.0072397324167518505,0.021615711561547003,-0.003927766462227034,"[array([0.00908118, 0.00421406, 0.00303739]), array([ 0.0036185 , -0.00704773,  0.00113589])]"
6,0.017028466325861143,0.007419078935782303,0.022510854615558667,0.017784498279648453,"[array([-0.00677142, -0.00182879, -0.00733563]), array([0.00382102, 0.00667407, 0.00531989])]"
7,0.010676161439208843,0.00674562517288704,0.022696809999609015,-0.010289788744542783,"[array([0.0140541 , 0.00431497, 0.00906082]), array([-0.01898242, -0.00345669, -0.00294931])]"
8,0.0029475145057987658,0.005619668044195752,0.02163061465344039,0.011138292055974386,"[array([-0.01153132, -0.00402458,  0.00532366]), array([ 0.00776917, -0.00110585,  0.00787635])]"
9,-0.028085682170496715,0.003272187075001804,0.021534616652985287,-0.004214505941921853,"[array([0.00272826, 0.00982285, 0.00169088]), array([-0.00194175,  0.00780475, -0.00509589])]"
