{
    "n_up": 8.631181458434021,
    "n_down": 7.387491524336833
}